{"cameraMode":{"drawMode":0,"name":"Shaded","section":"Shading Mode"},"sceneLighting":true,"audioPlay":false,"sceneViewState":{"showFog":true,"showMaterialUpdate":true,"showSkybox":true,"showFlares":true,"showImageEffects":true,"showParticleSystems":true},"in2DMode":false,"pivot":{"x":1.5463943481445313,"y":5.53446102142334,"z":1.1966893672943116},"rotation":{"x":-0.2637893855571747,"y":0.6870994567871094,"z":-0.29822903871536257,"w":-0.6077637672424316},"size":10.0203857421875,"orthographic":false}