{"cameraMode":{"drawMode":0,"name":"Shaded","section":"Shading Mode"},"sceneLighting":false,"audioPlay":false,"sceneViewState":{"showFog":true,"showMaterialUpdate":true,"showSkybox":false,"showFlares":true,"showImageEffects":true,"showParticleSystems":true},"in2DMode":false,"pivot":{"x":0.0,"y":2.032839298248291,"z":0.1399993896484375},"rotation":{"x":-0.019304463639855386,"y":0.8763955235481262,"z":-0.4799157679080963,"w":-0.035253651440143588},"size":24.853923797607423,"orthographic":false}