{"cameraMode":{"drawMode":0,"name":"Shaded","section":"Shading Mode"},"sceneLighting":false,"audioPlay":false,"sceneViewState":{"showFog":true,"showMaterialUpdate":true,"showSkybox":false,"showFlares":true,"showImageEffects":true,"showParticleSystems":true},"in2DMode":false,"pivot":{"x":-0.825928270816803,"y":1.080000877380371,"z":-8.20371150970459},"rotation":{"x":-0.019304463639855386,"y":0.8763955235481262,"z":-0.4799157679080963,"w":-0.035253651440143588},"size":0.08660262823104859,"orthographic":false}