{"cameraMode":{"drawMode":0,"name":"Shaded","section":"Shading Mode"},"sceneLighting":false,"audioPlay":false,"sceneViewState":{"showFog":true,"showMaterialUpdate":true,"showSkybox":false,"showFlares":true,"showImageEffects":true,"showParticleSystems":true},"in2DMode":false,"pivot":{"x":0.025338202714920045,"y":0.9270312786102295,"z":-0.005271315574645996},"rotation":{"x":-0.019304463639855386,"y":0.8763955235481262,"z":-0.4799157679080963,"w":-0.035253651440143588},"size":3.4018466472625734,"orthographic":false}