{"cameraMode":{"drawMode":0,"name":"Shaded","section":"Shading Mode"},"sceneLighting":true,"audioPlay":false,"sceneViewState":{"showFog":true,"showMaterialUpdate":true,"showSkybox":true,"showFlares":true,"showImageEffects":true,"showParticleSystems":true},"in2DMode":false,"pivot":{"x":21.190000534057618,"y":1.0799999237060547,"z":0.0},"rotation":{"x":-0.019304463639855386,"y":0.8763955235481262,"z":-0.4799157679080963,"w":-0.035253651440143588},"size":38.98941421508789,"orthographic":false}